Model,Accuracy,Precision,Recall,F1
voting_hard,0.625,0.625,1.0,0.7692307692307693
voting_soft,0.625,0.625,1.0,0.7692307692307693
stacking,0.625,0.625,1.0,0.7692307692307693
