{
  "fast_resnet_best_accuracy": 0.9086538461538461,
  "best_classical_accuracy": 0.9022435897435898,
  "models_over_90": 1
}