Model,Accuracy,Precision,Recall,F1-Score
Logistic Regression,0.42,0.42592592592592593,0.46,0.4423076923076923
Decision Tree,0.52,0.5208333333333334,0.5,0.5102040816326531
Random Forest,0.54,0.5434782608695652,0.5,0.5208333333333334
K-Nearest Neighbors,0.53,0.5333333333333333,0.48,0.5052631578947369
Naive Bayes,0.47,0.4727272727272727,0.52,0.49523809523809526
