Model,Accuracy,Precision,Recall,F1-Score
Logistic Regression,0.7740384615384616,0.7862068965517242,0.8769230769230769,0.8290909090909091
K-Nearest Neighbors,0.7660256410256411,0.7541666666666667,0.9282051282051282,0.832183908045977
Decision Tree,0.7355769230769231,0.7291242362525459,0.9179487179487179,0.8127128263337117
Random Forest,0.7227564102564102,0.708253358925144,0.9461538461538461,0.8100987925356751
Naive Bayes,0.717948717948718,0.7972222222222223,0.735897435897436,0.7653333333333333
