{
  "resnet_best_accuracy": 0.8990384615384616,
  "best_classical_accuracy": 0.8301282051282052,
  "models_over_90": 0
}